<?xml version="1.0" encoding="utf-8"?>
<System>
  <P Name="Location">[1672, -8, 3608, 1048]</P>
  <P Name="SystemRect">[0.000000, 0.000000, 0.000000, 0.000000]</P>
  <P Name="SetExecutionDomain">off</P>
  <P Name="ExecutionDomainType">Deduce</P>
  <P Name="ZoomFactor">230</P>
  <P Name="SimulinkSubDomain">Simulink</P>
  <Block BlockType="Inport" Name="Environment" SID="1166">
    <P Name="Position">[55, 188, 85, 202]</P>
    <P Name="ZOrder">49</P>
  </Block>
  <Block BlockType="Inport" Name="States" SID="1165">
    <P Name="Position">[55, 103, 85, 117]</P>
    <P Name="ZOrder">-1</P>
    <P Name="Port">2</P>
  </Block>
  <Block BlockType="SubSystem" Name="Sensors (Dynamics)" SID="1167">
    <P Name="Ports">[2, 2]</P>
    <P Name="Position">[200, 195, 320, 255]</P>
    <P Name="ZOrder">50</P>
    <P Name="TreatAsAtomicUnit">on</P>
    <P Name="RequestExecContextInheritance">off</P>
    <P Name="VariantControl">VSS_SENSORS_DYNAMICS</P>
    <Mask>
      <Display RunInitForIconRedraw="off">
              </Display>
    </Mask>
    <System Ref="system_1167"/>
  </Block>
  <Block BlockType="SubSystem" Name="Sensors (Feedthrough)" SID="1168">
    <P Name="Ports">[2, 2]</P>
    <P Name="Position">[200, 85, 320, 140]</P>
    <P Name="ZOrder">51</P>
    <P Name="HideAutomaticName">off</P>
    <P Name="TreatAsAtomicUnit">on</P>
    <P Name="RequestExecContextInheritance">off</P>
    <P Name="VariantControl">VSS_SENSORS_FEEDTHROUGH</P>
    <System Ref="system_1168"/>
  </Block>
  <Block BlockType="Outport" Name="Image Data" SID="1854">
    <P Name="Position">[415, 198, 445, 212]</P>
    <P Name="ZOrder">52</P>
    <P Name="HideAutomaticName">off</P>
    <P Name="VectorParamsAs1DForOutWhenUnconnected">off</P>
  </Block>
  <Block BlockType="Outport" Name="Sensors" SID="1169">
    <P Name="Position">[415, 103, 445, 117]</P>
    <P Name="ZOrder">-2</P>
    <P Name="Port">2</P>
    <P Name="VectorParamsAs1DForOutWhenUnconnected">off</P>
  </Block>
  <Annotation SID="1171">
    <P Name="Name">VSS_SENSORS = 0 will select feedthrough sensors
VSS_SENSORS = 1 will select dynamics sensors with noise</P>
    <P Name="Position">[111, 28, 381, 56]</P>
    <P Name="InternalMargins">[1, 1, 1, 1]</P>
    <P Name="HorizontalAlignment">left</P>
    <P Name="DropShadow">on</P>
    <P Name="ZOrder">-1</P>
  </Annotation>
</System>
