<?xml version="1.0" encoding="utf-8"?>
<System>
  <P Name="Location">[10, 42, 820, 640]</P>
  <P Name="SystemRect">[0.000000, 0.000000, 0.000000, 0.000000]</P>
  <P Name="SetExecutionDomain">off</P>
  <P Name="ExecutionDomainType">Deduce</P>
  <P Name="SimulinkSubDomain">Simulink</P>
  <Block BlockType="BusCreator" Name="Bus&#xA;Creator" SID="1085">
    <P Name="Ports">[5, 1]</P>
    <P Name="Position">[865, 28, 870, 282]</P>
    <P Name="ZOrder">1337</P>
    <P Name="ShowName">off</P>
    <P Name="Inputs">5</P>
    <P Name="DisplayOption">bar</P>
    <P Name="OutDataTypeStr">Bus: CommandBus</P>
    <P Name="NonVirtualBus">on</P>
    <P Name="InheritFromInputs">on</P>
  </Block>
  <Block BlockType="Clock" Name="Clock" SID="628">
    <P Name="Position">[605, 145, 625, 165]</P>
    <P Name="ZOrder">1330</P>
  </Block>
  <Block BlockType="Reference" Name="Compare&#xA;To Constant" SID="629">
    <P Name="Ports">[1, 1]</P>
    <P Name="Position">[665, 142, 755, 168]</P>
    <P Name="ZOrder">1331</P>
    <P Name="ShowName">off</P>
    <P Name="LibraryVersion">1.475</P>
    <P Name="SourceBlock">simulink/Logic and Bit
Operations/Compare
To Constant</P>
    <P Name="SourceType">Compare To Constant</P>
    <P Name="SourceProductBaseCode">SL</P>
    <InstanceData>
      <P Name="RTWMemSecFuncInitTerm">Inherit from model</P>
      <P Name="RTWMemSecFuncExecute">Inherit from model</P>
      <P Name="RTWMemSecDataConstants">Inherit from model</P>
      <P Name="RTWMemSecDataInternal">Inherit from model</P>
      <P Name="RTWMemSecDataParameters">Inherit from model</P>
      <P Name="ContentPreviewEnabled">off</P>
      <P Name="relop">&lt;</P>
      <P Name="const">takeOffDuration</P>
      <P Name="OutDataTypeStr">boolean</P>
      <P Name="ZeroCross">on</P>
    </InstanceData>
  </Block>
  <Block BlockType="Reference" Name="Compare&#xA;To Zero" SID="630">
    <P Name="Ports">[1, 1]</P>
    <P Name="Position">[385, 37, 415, 53]</P>
    <P Name="ZOrder">1320</P>
    <P Name="ShowName">off</P>
    <P Name="LibraryVersion">1.475</P>
    <P Name="SourceBlock">simulink/Logic and Bit
Operations/Compare
To Zero</P>
    <P Name="SourceType">Compare To Zero</P>
    <P Name="SourceProductBaseCode">SL</P>
    <InstanceData>
      <P Name="RTWMemSecFuncInitTerm">Inherit from model</P>
      <P Name="RTWMemSecFuncExecute">Inherit from model</P>
      <P Name="RTWMemSecDataConstants">Inherit from model</P>
      <P Name="RTWMemSecDataInternal">Inherit from model</P>
      <P Name="RTWMemSecDataParameters">Inherit from model</P>
      <P Name="ContentPreviewEnabled">off</P>
      <P Name="relop">==</P>
      <P Name="OutDataTypeStr">boolean</P>
      <P Name="ZeroCross">on</P>
    </InstanceData>
  </Block>
  <Block BlockType="Reference" Name="Compare&#xA;To Zero1" SID="631">
    <P Name="Ports">[1, 1]</P>
    <P Name="Position">[385, 52, 415, 68]</P>
    <P Name="ZOrder">1322</P>
    <P Name="ShowName">off</P>
    <P Name="LibraryVersion">1.475</P>
    <P Name="SourceBlock">simulink/Logic and Bit
Operations/Compare
To Zero</P>
    <P Name="SourceType">Compare To Zero</P>
    <P Name="SourceProductBaseCode">SL</P>
    <InstanceData>
      <P Name="RTWMemSecFuncInitTerm">Inherit from model</P>
      <P Name="RTWMemSecFuncExecute">Inherit from model</P>
      <P Name="RTWMemSecDataConstants">Inherit from model</P>
      <P Name="RTWMemSecDataInternal">Inherit from model</P>
      <P Name="RTWMemSecDataParameters">Inherit from model</P>
      <P Name="ContentPreviewEnabled">off</P>
      <P Name="relop">==</P>
      <P Name="OutDataTypeStr">boolean</P>
      <P Name="ZeroCross">on</P>
    </InstanceData>
  </Block>
  <Block BlockType="DataTypeConversion" Name="Data Type Conversion1" SID="632">
    <P Name="Position">[700, 93, 755, 117]</P>
    <P Name="ZOrder">1328</P>
    <P Name="ShowName">off</P>
    <P Name="OutDataTypeStr">single</P>
    <P Name="RndMeth">Floor</P>
    <P Name="SaturateOnIntegerOverflow">off</P>
  </Block>
  <Block BlockType="DataTypeConversion" Name="Data Type Conversion3" SID="633">
    <P Name="Position">[640, 193, 695, 217]</P>
    <P Name="ZOrder">1318</P>
    <P Name="ShowName">off</P>
    <P Name="OutDataTypeStr">single</P>
    <P Name="RndMeth">Floor</P>
    <P Name="SaturateOnIntegerOverflow">off</P>
  </Block>
  <Block BlockType="FromSpreadsheet" Name="From Spreadsheet" SID="896">
    <P Name="Ports">[0, 6]</P>
    <P Name="Position">[110, 73, 275, 247]</P>
    <P Name="ZOrder">1334</P>
    <P Name="FileName">cmdData.xlsx</P>
    <P Name="SheetName">data</P>
    <P Name="SampleTime">Ts</P>
    <Port>
      <P Name="PortNumber">4</P>
      <P Name="Name">roll_cmd</P>
    </Port>
    <Port>
      <P Name="PortNumber">5</P>
      <P Name="Name">pitch_cmd</P>
    </Port>
    <Port>
      <P Name="PortNumber">6</P>
      <P Name="Name">yaw_cmd</P>
    </Port>
  </Block>
  <Block BlockType="Reference" Name="Live Time &#xA;Ticks" SID="1086">
    <P Name="Ports">[0, 1]</P>
    <P Name="Position">[745, 240, 775, 270]</P>
    <P Name="ZOrder">1338</P>
    <P Name="LibraryVersion">1.475</P>
    <P Name="SourceBlock">simulink/Sources/Counter
Free-Running</P>
    <P Name="SourceType">Counter Free-Running</P>
    <P Name="SourceProductBaseCode">SL</P>
    <InstanceData>
      <P Name="RTWMemSecFuncInitTerm">Inherit from model</P>
      <P Name="RTWMemSecFuncExecute">Inherit from model</P>
      <P Name="RTWMemSecDataConstants">Inherit from model</P>
      <P Name="RTWMemSecDataInternal">Inherit from model</P>
      <P Name="RTWMemSecDataParameters">Inherit from model</P>
      <P Name="ContentPreviewEnabled">off</P>
      <P Name="NumBits">32</P>
      <P Name="tsamp">Ts</P>
    </InstanceData>
    <Port>
      <P Name="PortNumber">1</P>
      <P Name="Name">live_time_ticks</P>
    </Port>
  </Block>
  <Block BlockType="Logic" Name="Logical&#xA;Operator" SID="636">
    <P Name="Ports">[2, 1]</P>
    <P Name="Position">[450, 37, 480, 68]</P>
    <P Name="ZOrder">1321</P>
    <P Name="ShowName">off</P>
    <P Name="AllPortsSameDT">off</P>
    <P Name="OutDataTypeStr">boolean</P>
  </Block>
  <Block BlockType="Mux" Name="Mux" SID="637">
    <P Name="Ports">[3, 1]</P>
    <P Name="Position">[550, 163, 555, 247]</P>
    <P Name="ZOrder">1317</P>
    <P Name="ShowName">off</P>
    <P Name="Inputs">3</P>
    <P Name="DisplayOption">bar</P>
  </Block>
  <Block BlockType="Mux" Name="Mux1" SID="638">
    <P Name="Ports">[3, 1]</P>
    <P Name="Position">[560, 69, 565, 161]</P>
    <P Name="ZOrder">1325</P>
    <P Name="ShowName">off</P>
    <P Name="Inputs">3</P>
    <P Name="DisplayOption">bar</P>
  </Block>
  <Block BlockType="RateTransition" Name="Rate Transition1" SID="640">
    <P Name="Position">[745, 196, 770, 214]</P>
    <P Name="ZOrder">1323</P>
    <P Name="ShowName">off</P>
    <P Name="OutPortSampleTime">Ts</P>
    <Port>
      <P Name="PortNumber">1</P>
      <P Name="Name">orient_ref</P>
    </Port>
  </Block>
  <Block BlockType="RateTransition" Name="Rate Transition2" SID="641">
    <P Name="Position">[780, 96, 805, 114]</P>
    <P Name="ZOrder">1329</P>
    <P Name="ShowName">off</P>
    <P Name="OutPortSampleTime">Ts</P>
    <Port>
      <P Name="PortNumber">1</P>
      <P Name="Name">pos_ref</P>
    </Port>
  </Block>
  <Block BlockType="RateTransition" Name="Rate Transition3" SID="642">
    <P Name="Position">[780, 146, 805, 164]</P>
    <P Name="ZOrder">1332</P>
    <P Name="ShowName">off</P>
    <P Name="OutPortSampleTime">Ts</P>
    <Port>
      <P Name="PortNumber">1</P>
      <P Name="Name">takeoff_flag</P>
    </Port>
  </Block>
  <Block BlockType="RateTransition" Name="Rate Transition4" SID="643">
    <P Name="Position">[780, 46, 805, 64]</P>
    <P Name="ZOrder">1319</P>
    <P Name="ShowName">off</P>
    <P Name="OutPortSampleTime">Ts</P>
    <Port>
      <P Name="PortNumber">1</P>
      <P Name="Name">controlModePosVSOrient</P>
    </Port>
  </Block>
  <Block BlockType="Outport" Name="AC Cmd" SID="645">
    <P Name="Position">[930, 148, 960, 162]</P>
    <P Name="ZOrder">-2</P>
    <P Name="OutDataTypeStr">Bus: CommandBus</P>
    <P Name="VectorParamsAs1DForOutWhenUnconnected">off</P>
  </Block>
  <Line>
    <P Name="ZOrder">79</P>
    <P Name="Src">1085#out:1</P>
    <P Name="Dst">645#in:1</P>
  </Line>
  <Line>
    <P Name="Name">roll_cmd</P>
    <P Name="ZOrder">28</P>
    <P Name="Labels">[0, 0; -1, 0]</P>
    <P Name="Src">896#out:4</P>
    <P Name="Dst">637#in:1</P>
  </Line>
  <Line>
    <P Name="Name">yaw_cmd</P>
    <P Name="ZOrder">27</P>
    <P Name="Labels">[0, 0]</P>
    <P Name="Src">896#out:6</P>
    <P Name="Points">[54, 0]</P>
    <Branch>
      <P Name="ZOrder">54</P>
      <P Name="Labels">[-1, 1]</P>
      <P Name="Dst">637#in:3</P>
    </Branch>
    <Branch>
      <P Name="ZOrder">4</P>
      <P Name="Points">[0, 61; -250, 0; 0, -251]</P>
      <P Name="Dst">630#in:1</P>
    </Branch>
  </Line>
  <Line>
    <P Name="ZOrder">7</P>
    <P Name="Src">636#out:1</P>
    <P Name="Dst">643#in:1</P>
  </Line>
  <Line>
    <P Name="Name">orient_ref</P>
    <P Name="ZOrder">80</P>
    <P Name="Labels">[0, 0]</P>
    <P Name="Src">640#out:1</P>
    <P Name="Dst">1085#in:4</P>
  </Line>
  <Line>
    <P Name="Name">pos_ref</P>
    <P Name="ZOrder">82</P>
    <P Name="Labels">[0, 0]</P>
    <P Name="Src">641#out:1</P>
    <P Name="Dst">1085#in:2</P>
  </Line>
  <Line>
    <P Name="ZOrder">30</P>
    <P Name="Src">896#out:3</P>
    <P Name="Dst">638#in:3</P>
  </Line>
  <Line>
    <P Name="ZOrder">11</P>
    <P Name="Src">637#out:1</P>
    <P Name="Dst">633#in:1</P>
  </Line>
  <Line>
    <P Name="ZOrder">12</P>
    <P Name="Src">632#out:1</P>
    <P Name="Dst">641#in:1</P>
  </Line>
  <Line>
    <P Name="ZOrder">32</P>
    <P Name="Src">896#out:1</P>
    <P Name="Dst">638#in:1</P>
  </Line>
  <Line>
    <P Name="ZOrder">14</P>
    <P Name="Src">631#out:1</P>
    <P Name="Dst">636#in:2</P>
  </Line>
  <Line>
    <P Name="ZOrder">15</P>
    <P Name="Src">630#out:1</P>
    <P Name="Dst">636#in:1</P>
  </Line>
  <Line>
    <P Name="ZOrder">106</P>
    <P Name="Src">638#out:1</P>
    <P Name="Points">[63, 0; 0, -10]</P>
    <P Name="Dst">632#in:1</P>
  </Line>
  <Line>
    <P Name="ZOrder">17</P>
    <P Name="Src">629#out:1</P>
    <P Name="Dst">642#in:1</P>
  </Line>
  <Line>
    <P Name="ZOrder">18</P>
    <P Name="Src">628#out:1</P>
    <P Name="Dst">629#in:1</P>
  </Line>
  <Line>
    <P Name="Name">controlModePosVSOrient</P>
    <P Name="ZOrder">84</P>
    <P Name="Labels">[0, 0]</P>
    <P Name="Src">643#out:1</P>
    <P Name="Dst">1085#in:1</P>
  </Line>
  <Line>
    <P Name="ZOrder">21</P>
    <P Name="Src">633#out:1</P>
    <P Name="Dst">640#in:1</P>
  </Line>
  <Line>
    <P Name="Name">pitch_cmd</P>
    <P Name="ZOrder">29</P>
    <P Name="Labels">[0, 0]</P>
    <P Name="Src">896#out:5</P>
    <P Name="Points">[40, 0]</P>
    <Branch>
      <P Name="ZOrder">53</P>
      <P Name="Labels">[1, 1]</P>
      <P Name="Dst">637#in:2</P>
    </Branch>
    <Branch>
      <P Name="ZOrder">23</P>
      <P Name="Labels">[2, 0]</P>
      <P Name="Points">[0, 70; -229, 0; 0, -215]</P>
      <P Name="Dst">631#in:1</P>
    </Branch>
  </Line>
  <Line>
    <P Name="ZOrder">31</P>
    <P Name="Src">896#out:2</P>
    <P Name="Dst">638#in:2</P>
  </Line>
  <Line>
    <P Name="Name">takeoff_flag</P>
    <P Name="ZOrder">85</P>
    <P Name="Labels">[0, 0]</P>
    <P Name="Src">642#out:1</P>
    <P Name="Dst">1085#in:3</P>
  </Line>
  <Line>
    <P Name="Name">live_time_ticks</P>
    <P Name="ZOrder">78</P>
    <P Name="Labels">[0, 0]</P>
    <P Name="Src">1086#out:1</P>
    <P Name="Dst">1085#in:5</P>
  </Line>
</System>
