<?xml version="1.0" encoding="utf-8"?>
<System>
  <P Name="Location">[-5, 3, 1244, 768]</P>
  <P Name="SystemRect">[0.000000, 0.000000, 0.000000, 0.000000]</P>
  <P Name="SetExecutionDomain">off</P>
  <P Name="ExecutionDomainType">Deduce</P>
  <P Name="ZoomFactor">101</P>
  <P Name="SimulinkSubDomain">Simulink</P>
  <Block BlockType="Inport" Name="states" SID="2278">
    <P Name="Position">[75, 243, 105, 257]</P>
    <P Name="ZOrder">1476</P>
    <P Name="NameLocation">top</P>
    <P Name="OutDataTypeStr">Bus: StatesBus</P>
  </Block>
  <Block BlockType="Sum" Name="Add1" SID="2279">
    <P Name="Ports">[2, 1]</P>
    <P Name="Position">[825, 312, 855, 343]</P>
    <P Name="ZOrder">1470</P>
    <P Name="ShowName">off</P>
    <P Name="IconShape">rectangular</P>
  </Block>
  <Block BlockType="BusSelector" Name="Bus&#xA;Selector1" SID="2280">
    <P Name="Ports">[1, 1]</P>
    <P Name="Position">[200, 231, 205, 269]</P>
    <P Name="ZOrder">1461</P>
    <P Name="ShowName">off</P>
    <P Name="OutputSignals">V_body</P>
    <Port>
      <P Name="PortNumber">1</P>
      <P Name="Name">&lt;V_body&gt;</P>
    </Port>
  </Block>
  <Block BlockType="BusSelector" Name="Bus&#xA;Selector3" SID="2281">
    <P Name="Ports">[1, 1]</P>
    <P Name="Position">[200, 351, 205, 389]</P>
    <P Name="ZOrder">1474</P>
    <P Name="ShowName">off</P>
    <P Name="OutputSignals">X_ned</P>
    <Port>
      <P Name="PortNumber">1</P>
      <P Name="Name">&lt;X_ned&gt;</P>
    </Port>
  </Block>
  <Block BlockType="BusSelector" Name="Bus&#xA;Selector4" SID="2282">
    <P Name="Ports">[1, 1]</P>
    <P Name="Position">[200, 286, 205, 324]</P>
    <P Name="ZOrder">1475</P>
    <P Name="ShowName">off</P>
    <P Name="OutputSignals">Omega_body</P>
    <Port>
      <P Name="PortNumber">1</P>
      <P Name="Name">&lt;Omega_body&gt;</P>
    </Port>
  </Block>
  <Block BlockType="DataTypeConversion" Name="Data Type Conversion" SID="2283">
    <P Name="Position">[1090, 340, 1130, 360]</P>
    <P Name="ZOrder">1481</P>
    <P Name="ShowName">off</P>
    <P Name="OutDataTypeStr">single</P>
    <P Name="RndMeth">Floor</P>
    <P Name="SaturateOnIntegerOverflow">off</P>
  </Block>
  <Block BlockType="Demux" Name="Demux4" SID="2284">
    <P Name="Ports">[1, 2]</P>
    <P Name="Position">[455, 286, 460, 324]</P>
    <P Name="ZOrder">1463</P>
    <P Name="ShowName">off</P>
    <P Name="Outputs">2</P>
  </Block>
  <Block BlockType="Product" Name="Divide" SID="2285">
    <P Name="Ports">[2, 1]</P>
    <P Name="Position">[905, 322, 935, 353]</P>
    <P Name="ZOrder">1486</P>
    <P Name="Inputs">*/</P>
  </Block>
  <Block BlockType="Gain" Name="Gain1" SID="2286">
    <P Name="Position">[405, 290, 435, 320]</P>
    <P Name="ZOrder">1465</P>
    <P Name="ShowName">off</P>
    <P Name="Gain">0.8*[-1,1]</P>
  </Block>
  <Block BlockType="Gain" Name="Gain2" SID="2287">
    <P Name="Position">[480, 355, 510, 385]</P>
    <P Name="ZOrder">1469</P>
    <P Name="ShowName">off</P>
    <P Name="Gain">-1</P>
  </Block>
  <Block BlockType="Mux" Name="Mux7" SID="2288">
    <P Name="Ports">[2, 1]</P>
    <P Name="Position">[635, 316, 640, 354]</P>
    <P Name="ZOrder">1467</P>
    <P Name="ShowName">off</P>
    <P Name="Inputs">2</P>
    <P Name="DisplayOption">bar</P>
  </Block>
  <Block BlockType="Mux" Name="Mux8" SID="2289">
    <P Name="Ports">[2, 1]</P>
    <P Name="Position">[985, 328, 990, 372]</P>
    <P Name="ZOrder">1472</P>
    <P Name="ShowName">off</P>
    <P Name="Inputs">2</P>
    <P Name="DisplayOption">bar</P>
  </Block>
  <Block BlockType="S-Function" Name="On-Board Camera" SID="2290">
    <P Name="Ports">[0, 1]</P>
    <P Name="Position">[185, 490, 270, 540]</P>
    <P Name="ZOrder">1483</P>
    <P Name="InstantiateOnLoad">on</P>
    <P Name="CopyFcn">vrmfunc(&apos;FnCopy&apos;, gcbh);</P>
    <P Name="DeleteFcn">vrmfunc(&apos;FnDelete&apos;, gcbh);</P>
    <P Name="LoadFcn">vrmfunc(&apos;FnLoad&apos;, gcbh);</P>
    <P Name="PreSaveFcn">vrmfunc(&apos;FnPreSave&apos;, gcbh);</P>
    <P Name="InitFcn">
</P>
    <P Name="StartFcn">vrmfunc(&apos;FnSimStatus&apos;, gcbh, &apos;running&apos;)</P>
    <P Name="PauseFcn">vrmfunc(&apos;FnSimStatus&apos;, gcbh, &apos;paused&apos;);</P>
    <P Name="ContinueFcn">vrmfunc(&apos;FnSimStatus&apos;, gcbh, &apos;running&apos;);</P>
    <P Name="StopFcn">vrmfunc(&apos;FnStop&apos;, gcbh)</P>
    <P Name="DestroyFcn">vrmfunc(&apos;FnDestroy&apos;, gcbh);</P>
    <P Name="OpenFcn">vrmfunc(&apos;FnOpen&apos;, gcbh);</P>
    <P Name="CloseFcn">vrmfunc(&apos;FnClose&apos;, gcbh);</P>
    <P Name="FunctionName">vrsfunc</P>
    <P Name="Parameters">SampleTime, VideoDimensions, false</P>
    <P Name="SFunctionDeploymentMode">off</P>
    <P Name="EnableBusSupport">off</P>
    <P Name="SFcnIsStateOwnerBlock">off</P>
    <Mask SelfModifiable="on">
      <Type>Virtual Reality Sink</Type>
      <Display RunInitForIconRedraw="off">image(imread(&apos;vrblockicon.png&apos;));
</Display>
      <Description>Controls the selected fields of a virtual world according to given inputs.
</Description>
      <Initialization>set_param(gcbh, &apos;MaskDisplay&apos;, vrmfunc(&apos;FnIcon&apos;));
</Initialization>
      <Help>helpview(vrmfunc(&apos;FnHelpTopic&apos;), &apos;vr_vrtovideo&apos;);
</Help>
      <MaskParameter Name="SampleTime" Type="edit" Tunable="off">
        <Prompt>Sample Time</Prompt>
        <Value>VTs</Value>
      </MaskParameter>
      <MaskParameter Name="ViewEnable" Type="checkbox" Tunable="off">
        <Prompt>View</Prompt>
        <Value>on</Value>
      </MaskParameter>
      <MaskParameter Name="RemoteChange" Type="checkbox" Tunable="off" Visible="off">
        <Prompt>Remote Change</Prompt>
        <Value>off</Value>
      </MaskParameter>
      <MaskParameter Name="RemoteView" Type="checkbox" Tunable="off">
        <Prompt>Remote View</Prompt>
        <Value>off</Value>
      </MaskParameter>
      <MaskParameter Name="FieldsWritten" Type="edit" Evaluate="off" Tunable="off">
        <Prompt>Fields Written</Prompt>
      </MaskParameter>
      <MaskParameter Name="WorldFileName" Type="edit" Evaluate="off" Tunable="off">
        <Prompt>World File Name</Prompt>
        <Value>asbQuadcopterWorld.wrl</Value>
      </MaskParameter>
      <MaskParameter Name="WorldDescription" Type="edit" Evaluate="off">
        <Prompt>World Description</Prompt>
      </MaskParameter>
      <MaskParameter Name="AutoView" Type="checkbox" Tunable="off">
        <Prompt>AutoView</Prompt>
        <Value>off</Value>
      </MaskParameter>
      <MaskParameter Name="VideoDimensions" Type="edit" Tunable="off">
        <Prompt>Video Dimensions</Prompt>
        <Value>[160 120]</Value>
      </MaskParameter>
      <MaskParameter Name="AllowVariableSize" Type="checkbox" Tunable="off">
        <Prompt>Allow Variable Size</Prompt>
        <Value>off</Value>
      </MaskParameter>
      <MaskParameter Name="FigureProperties" Type="edit" Visible="off">
        <Prompt>Figure Properties</Prompt>
        <Value>{&apos;Position&apos;, &apos;Name&apos;, &apos;Viewpoint&apos;, &apos;CameraBound&apos;, &apos;CameraDirection&apos;, &apos;CameraPosition&apos;, &apos;CameraUpVector&apos;, &apos;ZoomFactor&apos;, &apos;Antialiasing&apos;, &apos;Headlight&apos;, &apos;Lighting&apos;, &apos;NavPanel&apos;, &apos;Sound&apos;, &apos;StatusBar&apos;, &apos;Stereo3D&apos;, &apos;Stereo3DCameraOffset&apos;, &apos;Stereo3DHIT&apos;, &apos;ToolBar&apos;, &apos;Textures&apos;, &apos;Transparency&apos;, &apos;Triad&apos;, &apos;Wireframe&apos;, &apos;NavZones&apos;, &apos;NavMode&apos;, &apos;NavSpeed&apos;, &apos;CaptureFileFormat&apos;, &apos;CaptureFileName&apos;, &apos;Record2DCompressMethod&apos;, &apos;Record2DCompressQuality&apos;, &apos;Record2D&apos;, &apos;Record2DFileName&apos;, &apos;Record2DFPS&apos;; [1.7510000000000000e+03   6.0000000000000000e+01   1.2000000000000000e+02   1.6000000000000000e+02], &apos;Minidrone Flight Visualization&apos;, &apos;Quadcopter Camera&apos;, &apos;on&apos;, [0.0000000000000000e+00   0.0000000000000000e+00  -1.0000000000000000e+00], [0.0000000000000000e+00   0.0000000000000000e+00   0.0000000000000000e+00], [0.0000000000000000e+00   1.0000000000000000e+00   0.0000000000000000e+00], [1.0000000000000000e+00], &apos;off&apos;, &apos;on&apos;, &apos;on&apos;, &apos;none&apos;, &apos;on&apos;, &apos;off&apos;, &apos;off&apos;, [1.0000000149011612e-01], [0.0000000000000000e+00], &apos;off&apos;, &apos;on&apos;, &apos;on&apos;, &apos;none&apos;, &apos;off&apos;, &apos;off&apos;, &apos;fly&apos;, &apos;normal&apos;, &apos;tif&apos;, &apos;%f_anim_%n.tif&apos;, &apos;auto&apos;, [7.5000000000000000e+01], &apos;off&apos;, &apos;***video***&apos;, &apos;auto&apos;} </Value>
      </MaskParameter>
    </Mask>
  </Block>
  <Block BlockType="Product" Name="Product" SID="2291">
    <P Name="Ports">[2, 1]</P>
    <P Name="Position">[575, 287, 605, 318]</P>
    <P Name="ZOrder">1464</P>
    <P Name="ShowName">off</P>
  </Block>
  <Block BlockType="Product" Name="Product1" SID="2292">
    <P Name="Ports">[2, 1]</P>
    <P Name="Position">[575, 347, 605, 378]</P>
    <P Name="ZOrder">1466</P>
    <P Name="ShowName">off</P>
  </Block>
  <Block BlockType="SubSystem" Name="RGB to Y1UY2V1" SID="2293">
    <P Name="Ports">[1, 1]</P>
    <P Name="Position">[415, 492, 545, 538]</P>
    <P Name="ZOrder">1484</P>
    <P Name="RequestExecContextInheritance">off</P>
    <System Ref="system_2293"/>
  </Block>
  <Block BlockType="Reshape" Name="Reshape" SID="2314">
    <P Name="Ports">[1, 1]</P>
    <P Name="Position">[290, 293, 320, 317]</P>
    <P Name="ZOrder">1480</P>
    <P Name="ShowName">off</P>
  </Block>
  <Block BlockType="Reference" Name="Rotate" SID="2315">
    <P Name="Ports">[1, 1]</P>
    <P Name="Position">[300, 502, 345, 528]</P>
    <P Name="ZOrder">1485</P>
    <P Name="LibraryVersion">4.9</P>
    <P Name="SourceBlock">visiongeotforms/Rotate</P>
    <P Name="SourceType">Rotate</P>
    <P Name="SourceProductName">Computer Vision Toolbox</P>
    <InstanceData>
      <P Name="MultithreadedSim">auto</P>
      <P Name="outSizeR">Expanded to fit rotated input image</P>
      <P Name="src_angle">Specify via dialog</P>
      <P Name="unit_angle">Degrees</P>
      <P Name="angle">pi/2</P>
      <P Name="maxAngle">pi</P>
      <P Name="dispImage">Top-left corner</P>
      <P Name="method">Table lookup</P>
      <P Name="fillVal">0</P>
      <P Name="interpMethod">Bilinear</P>
      <P Name="roundingMode">Nearest</P>
      <P Name="overflowMode">on</P>
      <P Name="firstCoeffMode">Same word length as input</P>
      <P Name="firstCoeffWordLength">32</P>
      <P Name="firstCoeffFracLength">10</P>
      <P Name="prodOutputMode">Binary point scaling</P>
      <P Name="prodOutputWordLength">32</P>
      <P Name="prodOutputFracLength">10</P>
      <P Name="accumMode">Same as product output</P>
      <P Name="accumWordLength">32</P>
      <P Name="accumFracLength">10</P>
      <P Name="outputMode">Same as first input</P>
      <P Name="outputWordLength">32</P>
      <P Name="outputFracLength">10</P>
      <P Name="LockScale">off</P>
    </InstanceData>
  </Block>
  <Block BlockType="Selector" Name="Select dx,dy" SID="2316">
    <P Name="Ports">[1, 1]</P>
    <P Name="Position">[750, 263, 775, 307]</P>
    <P Name="ZOrder">1471</P>
    <P Name="ShowName">off</P>
    <P Name="InputPortWidth">3</P>
    <P Name="IndexOptions">Index vector (dialog)</P>
    <P Name="Indices">[1 2]</P>
    <P Name="OutputSizes">1</P>
  </Block>
  <Block BlockType="Selector" Name="Select dx,dy1" SID="2317">
    <P Name="Ports">[1, 1]</P>
    <P Name="Position">[355, 283, 380, 327]</P>
    <P Name="ZOrder">1478</P>
    <P Name="ShowName">off</P>
    <P Name="InputPortWidth">3</P>
    <P Name="IndexOptions">Index vector (dialog)</P>
    <P Name="Indices">[1 2]</P>
    <P Name="OutputSizes">1</P>
  </Block>
  <Block BlockType="Selector" Name="Select dz" SID="2318">
    <P Name="Ports">[1, 1]</P>
    <P Name="Position">[845, 228, 870, 272]</P>
    <P Name="ZOrder">1473</P>
    <P Name="ShowName">off</P>
    <P Name="InputPortWidth">3</P>
    <P Name="IndexOptions">Index vector (dialog)</P>
    <P Name="Indices">3</P>
    <P Name="OutputSizes">1</P>
  </Block>
  <Block BlockType="Selector" Name="Select dz1" SID="2319">
    <P Name="Ports">[1, 1]</P>
    <P Name="Position">[290, 348, 315, 392]</P>
    <P Name="ZOrder">1479</P>
    <P Name="ShowName">off</P>
    <P Name="InputPortWidth">3</P>
    <P Name="IndexOptions">Index vector (dialog)</P>
    <P Name="Indices">3</P>
    <P Name="OutputSizes">1</P>
  </Block>
  <Block BlockType="Selector" Name="SwitchPlanarOpticalFlow" SID="2320">
    <P Name="Ports">[1, 1]</P>
    <P Name="Position">[695, 313, 720, 357]</P>
    <P Name="ZOrder">1468</P>
    <P Name="ShowName">off</P>
    <P Name="InputPortWidth">2</P>
    <P Name="IndexOptions">Index vector (dialog)</P>
    <P Name="Indices">[2 1]</P>
    <P Name="OutputSizes">1</P>
  </Block>
  <Block BlockType="Gain" Name="VelocityToOpticalFlow_Gain" SID="2321">
    <P Name="Position">[1025, 335, 1055, 365]</P>
    <P Name="ZOrder">1462</P>
    <P Name="ShowName">off</P>
    <P Name="Gain">Sensors.velocityToOpticalFlowGain</P>
  </Block>
  <Block BlockType="Outport" Name="opticalFlow_datout" SID="2322">
    <P Name="Position">[1175, 343, 1205, 357]</P>
    <P Name="ZOrder">1477</P>
    <P Name="VectorParamsAs1DForOutWhenUnconnected">off</P>
  </Block>
  <Block BlockType="Outport" Name="image_data" SID="2323">
    <P Name="Position">[610, 508, 640, 522]</P>
    <P Name="ZOrder">1482</P>
    <P Name="Port">2</P>
    <P Name="VectorParamsAs1DForOutWhenUnconnected">off</P>
  </Block>
  <Line>
    <P Name="ZOrder">166</P>
    <P Name="Src">2320#out:1</P>
    <P Name="Dst">2279#in:2</P>
  </Line>
  <Line>
    <P Name="ZOrder">167</P>
    <P Name="Src">2318#out:1</P>
    <P Name="Points">[85, 0; 0, 110]</P>
    <P Name="Dst">2289#in:2</P>
  </Line>
  <Line>
    <P Name="Name">&lt;X_ned&gt;</P>
    <P Name="ZOrder">168</P>
    <P Name="Labels">[0, 0]</P>
    <P Name="Src">2281#out:1</P>
    <P Name="Dst">2319#in:1</P>
  </Line>
  <Line>
    <P Name="ZOrder">169</P>
    <P Name="Src">2288#out:1</P>
    <P Name="Dst">2320#in:1</P>
  </Line>
  <Line>
    <P Name="Name">&lt;Omega_body&gt;</P>
    <P Name="ZOrder">170</P>
    <P Name="Labels">[0, 0]</P>
    <P Name="Src">2282#out:1</P>
    <P Name="Dst">2314#in:1</P>
  </Line>
  <Line>
    <P Name="ZOrder">171</P>
    <P Name="Src">2321#out:1</P>
    <P Name="Dst">2283#in:1</P>
  </Line>
  <Line>
    <P Name="ZOrder">172</P>
    <P Name="Src">2316#out:1</P>
    <P Name="Points">[20, 0; 0, 35]</P>
    <P Name="Dst">2279#in:1</P>
  </Line>
  <Line>
    <P Name="ZOrder">173</P>
    <P Name="Src">2314#out:1</P>
    <P Name="Dst">2317#in:1</P>
  </Line>
  <Line>
    <P Name="ZOrder">174</P>
    <P Name="Src">2283#out:1</P>
    <P Name="Dst">2322#in:1</P>
  </Line>
  <Line>
    <P Name="ZOrder">179</P>
    <P Name="Src">2287#out:1</P>
    <P Name="Points">[21, 0]</P>
    <Branch>
      <P Name="ZOrder">178</P>
      <P Name="Points">[0, 32; 352, 0; 0, -57]</P>
      <P Name="Dst">2285#in:2</P>
    </Branch>
    <Branch>
      <P Name="ZOrder">177</P>
      <P Name="Points">[20, 0]</P>
      <Branch>
        <P Name="ZOrder">176</P>
        <P Name="Dst">2292#in:2</P>
      </Branch>
      <Branch>
        <P Name="ZOrder">175</P>
        <P Name="Points">[0, -60]</P>
        <P Name="Dst">2291#in:2</P>
      </Branch>
    </Branch>
  </Line>
  <Line>
    <P Name="ZOrder">180</P>
    <P Name="Src">2285#out:1</P>
    <P Name="Dst">2289#in:1</P>
  </Line>
  <Line>
    <P Name="ZOrder">181</P>
    <P Name="Src">2292#out:1</P>
    <P Name="Points">[10, 0]</P>
    <P Name="Dst">2288#in:2</P>
  </Line>
  <Line>
    <P Name="ZOrder">182</P>
    <P Name="Src">2317#out:1</P>
    <P Name="Dst">2286#in:1</P>
  </Line>
  <Line>
    <P Name="ZOrder">183</P>
    <P Name="Src">2290#out:1</P>
    <P Name="Dst">2315#in:1</P>
  </Line>
  <Line>
    <P Name="ZOrder">184</P>
    <P Name="Src">2291#out:1</P>
    <P Name="Points">[10, 0]</P>
    <P Name="Dst">2288#in:1</P>
  </Line>
  <Line>
    <P Name="ZOrder">185</P>
    <P Name="Src">2293#out:1</P>
    <P Name="Dst">2323#in:1</P>
  </Line>
  <Line>
    <P Name="ZOrder">186</P>
    <P Name="Src">2284#out:1</P>
    <P Name="Dst">2291#in:1</P>
  </Line>
  <Line>
    <P Name="ZOrder">187</P>
    <P Name="Src">2286#out:1</P>
    <P Name="Dst">2284#in:1</P>
  </Line>
  <Line>
    <P Name="ZOrder">188</P>
    <P Name="Src">2319#out:1</P>
    <P Name="Dst">2287#in:1</P>
  </Line>
  <Line>
    <P Name="ZOrder">189</P>
    <P Name="Src">2315#out:1</P>
    <P Name="Dst">2293#in:1</P>
  </Line>
  <Line>
    <P Name="Name">&lt;V_body&gt;</P>
    <P Name="ZOrder">192</P>
    <P Name="Labels">[0, 0]</P>
    <P Name="Src">2280#out:1</P>
    <P Name="Points">[522, 0]</P>
    <Branch>
      <P Name="ZOrder">191</P>
      <P Name="Dst">2318#in:1</P>
    </Branch>
    <Branch>
      <P Name="ZOrder">190</P>
      <P Name="Points">[0, 35]</P>
      <P Name="Dst">2316#in:1</P>
    </Branch>
  </Line>
  <Line>
    <P Name="ZOrder">193</P>
    <P Name="Src">2284#out:2</P>
    <P Name="Points">[77, 0; 0, 40]</P>
    <P Name="Dst">2292#in:1</P>
  </Line>
  <Line>
    <P Name="ZOrder">194</P>
    <P Name="Src">2289#out:1</P>
    <P Name="Dst">2321#in:1</P>
  </Line>
  <Line>
    <P Name="ZOrder">199</P>
    <P Name="Src">2278#out:1</P>
    <P Name="Points">[40, 0]</P>
    <Branch>
      <P Name="ZOrder">198</P>
      <P Name="Dst">2280#in:1</P>
    </Branch>
    <Branch>
      <P Name="ZOrder">197</P>
      <P Name="Points">[0, 55]</P>
      <Branch>
        <P Name="ZOrder">196</P>
        <P Name="Dst">2282#in:1</P>
      </Branch>
      <Branch>
        <P Name="ZOrder">195</P>
        <P Name="Points">[0, 65]</P>
        <P Name="Dst">2281#in:1</P>
      </Branch>
    </Branch>
  </Line>
  <Line>
    <P Name="ZOrder">200</P>
    <P Name="Src">2279#out:1</P>
    <P Name="Dst">2285#in:1</P>
  </Line>
  <Annotation SID="2324">
    <P Name="Name">This is a crude simulation of &quot;optical flow&quot; (vx,vy,vz) as 
fed into the c-function rsedu_optical_flow() on the Rolling Spider
by internal, inaccessible code of Parrot&apos;s firmware.
This is assumed to be far from what &quot;optical flow (vx,vy,vz)&quot; actually is!</P>
    <P Name="Position">[247, 136, 559, 186]</P>
    <P Name="InternalMargins">[0, 0, 0, 0]</P>
    <P Name="HorizontalAlignment">left</P>
    <P Name="VerticalAlignment">top</P>
    <P Name="ZOrder">-2</P>
  </Annotation>
</System>
