<?xml version="1.0" encoding="utf-8"?>
<System>
  <P Name="Location">[10, 42, 820, 640]</P>
  <P Name="SystemRect">[0.000000, 0.000000, 0.000000, 0.000000]</P>
  <P Name="SetExecutionDomain">off</P>
  <P Name="ExecutionDomainType">Deduce</P>
  <P Name="SimulinkSubDomain">Simulink</P>
  <Block BlockType="BusCreator" Name="Bus&#xA;Creator" SID="1081">
    <P Name="Ports">[5, 1]</P>
    <P Name="Position">[710, 36, 715, 284]</P>
    <P Name="ZOrder">1333</P>
    <P Name="ShowName">off</P>
    <P Name="Inputs">5</P>
    <P Name="DisplayOption">bar</P>
    <P Name="OutDataTypeStr">Bus: CommandBus</P>
    <P Name="NonVirtualBus">on</P>
    <P Name="InheritFromInputs">on</P>
  </Block>
  <Block BlockType="Clock" Name="Clock" SID="566">
    <P Name="Position">[465, 160, 485, 180]</P>
    <P Name="ZOrder">1330</P>
  </Block>
  <Block BlockType="Reference" Name="Compare&#xA;To Constant" SID="567">
    <P Name="Ports">[1, 1]</P>
    <P Name="Position">[505, 157, 595, 183]</P>
    <P Name="ZOrder">1331</P>
    <P Name="ShowName">off</P>
    <P Name="LibraryVersion">1.475</P>
    <P Name="SourceBlock">simulink/Logic and Bit
Operations/Compare
To Constant</P>
    <P Name="SourceType">Compare To Constant</P>
    <P Name="SourceProductBaseCode">SL</P>
    <InstanceData>
      <P Name="RTWMemSecFuncInitTerm">Inherit from model</P>
      <P Name="RTWMemSecFuncExecute">Inherit from model</P>
      <P Name="RTWMemSecDataConstants">Inherit from model</P>
      <P Name="RTWMemSecDataInternal">Inherit from model</P>
      <P Name="RTWMemSecDataParameters">Inherit from model</P>
      <P Name="ContentPreviewEnabled">off</P>
      <P Name="relop">&lt;</P>
      <P Name="const">takeOffDuration</P>
      <P Name="OutDataTypeStr">boolean</P>
      <P Name="ZeroCross">on</P>
    </InstanceData>
  </Block>
  <Block BlockType="Reference" Name="Compare&#xA;To Zero" SID="568">
    <P Name="Ports">[1, 1]</P>
    <P Name="Position">[250, 42, 280, 58]</P>
    <P Name="ZOrder">1320</P>
    <P Name="ShowName">off</P>
    <P Name="LibraryVersion">1.475</P>
    <P Name="SourceBlock">simulink/Logic and Bit
Operations/Compare
To Zero</P>
    <P Name="SourceType">Compare To Zero</P>
    <P Name="SourceProductBaseCode">SL</P>
    <InstanceData>
      <P Name="RTWMemSecFuncInitTerm">Inherit from model</P>
      <P Name="RTWMemSecFuncExecute">Inherit from model</P>
      <P Name="RTWMemSecDataConstants">Inherit from model</P>
      <P Name="RTWMemSecDataInternal">Inherit from model</P>
      <P Name="RTWMemSecDataParameters">Inherit from model</P>
      <P Name="ContentPreviewEnabled">off</P>
      <P Name="relop">==</P>
      <P Name="OutDataTypeStr">boolean</P>
      <P Name="ZeroCross">on</P>
    </InstanceData>
  </Block>
  <Block BlockType="Reference" Name="Compare&#xA;To Zero1" SID="569">
    <P Name="Ports">[1, 1]</P>
    <P Name="Position">[250, 62, 280, 78]</P>
    <P Name="ZOrder">1322</P>
    <P Name="ShowName">off</P>
    <P Name="LibraryVersion">1.475</P>
    <P Name="SourceBlock">simulink/Logic and Bit
Operations/Compare
To Zero</P>
    <P Name="SourceType">Compare To Zero</P>
    <P Name="SourceProductBaseCode">SL</P>
    <InstanceData>
      <P Name="RTWMemSecFuncInitTerm">Inherit from model</P>
      <P Name="RTWMemSecFuncExecute">Inherit from model</P>
      <P Name="RTWMemSecDataConstants">Inherit from model</P>
      <P Name="RTWMemSecDataInternal">Inherit from model</P>
      <P Name="RTWMemSecDataParameters">Inherit from model</P>
      <P Name="ContentPreviewEnabled">off</P>
      <P Name="relop">==</P>
      <P Name="OutDataTypeStr">boolean</P>
      <P Name="ZeroCross">on</P>
    </InstanceData>
  </Block>
  <Block BlockType="DataTypeConversion" Name="Data Type Conversion1" SID="570">
    <P Name="Position">[540, 98, 595, 122]</P>
    <P Name="ZOrder">1328</P>
    <P Name="ShowName">off</P>
    <P Name="OutDataTypeStr">single</P>
    <P Name="RndMeth">Floor</P>
    <P Name="SaturateOnIntegerOverflow">off</P>
  </Block>
  <Block BlockType="DataTypeConversion" Name="Data Type Conversion3" SID="571">
    <P Name="Position">[340, 198, 395, 222]</P>
    <P Name="ZOrder">1318</P>
    <P Name="ShowName">off</P>
    <P Name="OutDataTypeStr">single</P>
    <P Name="RndMeth">Floor</P>
    <P Name="SaturateOnIntegerOverflow">off</P>
  </Block>
  <Block BlockType="Demux" Name="Demux" SID="572">
    <P Name="Ports">[1, 6]</P>
    <P Name="Position">[145, 70, 155, 260]</P>
    <P Name="ZOrder">4</P>
    <P Name="ShowName">off</P>
    <P Name="Outputs">6</P>
    <Port>
      <P Name="PortNumber">4</P>
      <P Name="Name">roll_cmd</P>
    </Port>
    <Port>
      <P Name="PortNumber">5</P>
      <P Name="Name">pitch_cmd</P>
    </Port>
    <Port>
      <P Name="PortNumber">6</P>
      <P Name="Name">yaw_cmd</P>
    </Port>
  </Block>
  <Block BlockType="FromFile" Name="From File" SID="573">
    <P Name="Position">[45, 153, 110, 177]</P>
    <P Name="ZOrder">5</P>
    <P Name="FileName">cmdData.mat</P>
    <P Name="SampleTime">Ts</P>
  </Block>
  <Block BlockType="Reference" Name="Live Time &#xA;Ticks" SID="1082">
    <P Name="Ports">[0, 1]</P>
    <P Name="Position">[475, 245, 505, 275]</P>
    <P Name="ZOrder">1334</P>
    <P Name="LibraryVersion">1.475</P>
    <P Name="SourceBlock">simulink/Sources/Counter
Free-Running</P>
    <P Name="SourceType">Counter Free-Running</P>
    <P Name="SourceProductBaseCode">SL</P>
    <InstanceData>
      <P Name="RTWMemSecFuncInitTerm">Inherit from model</P>
      <P Name="RTWMemSecFuncExecute">Inherit from model</P>
      <P Name="RTWMemSecDataConstants">Inherit from model</P>
      <P Name="RTWMemSecDataInternal">Inherit from model</P>
      <P Name="RTWMemSecDataParameters">Inherit from model</P>
      <P Name="ContentPreviewEnabled">off</P>
      <P Name="NumBits">32</P>
      <P Name="tsamp">Ts</P>
    </InstanceData>
    <Port>
      <P Name="PortNumber">1</P>
      <P Name="Name">live_time_ticks</P>
    </Port>
  </Block>
  <Block BlockType="Logic" Name="Logical&#xA;Operator" SID="575">
    <P Name="Ports">[2, 1]</P>
    <P Name="Position">[305, 42, 325, 78]</P>
    <P Name="ZOrder">1321</P>
    <P Name="ShowName">off</P>
    <P Name="AllPortsSameDT">off</P>
    <P Name="OutDataTypeStr">boolean</P>
  </Block>
  <Block BlockType="Mux" Name="Mux" SID="576">
    <P Name="Ports">[3, 1]</P>
    <P Name="Position">[310, 168, 315, 252]</P>
    <P Name="ZOrder">1317</P>
    <P Name="ShowName">off</P>
    <P Name="Inputs">3</P>
    <P Name="DisplayOption">bar</P>
  </Block>
  <Block BlockType="Mux" Name="Mux1" SID="577">
    <P Name="Ports">[3, 1]</P>
    <P Name="Position">[425, 78, 430, 162]</P>
    <P Name="ZOrder">1325</P>
    <P Name="ShowName">off</P>
    <P Name="Inputs">3</P>
    <P Name="DisplayOption">bar</P>
  </Block>
  <Block BlockType="RateTransition" Name="Rate Transition1" SID="579">
    <P Name="Position">[475, 201, 500, 219]</P>
    <P Name="ZOrder">1323</P>
    <P Name="ShowName">off</P>
    <P Name="OutPortSampleTime">Ts</P>
    <Port>
      <P Name="PortNumber">1</P>
      <P Name="Name">orient_ref</P>
    </Port>
  </Block>
  <Block BlockType="RateTransition" Name="Rate Transition2" SID="580">
    <P Name="Position">[620, 101, 645, 119]</P>
    <P Name="ZOrder">1329</P>
    <P Name="ShowName">off</P>
    <P Name="OutPortSampleTime">Ts</P>
    <Port>
      <P Name="PortNumber">1</P>
      <P Name="Name">pos_ref</P>
    </Port>
  </Block>
  <Block BlockType="RateTransition" Name="Rate Transition3" SID="581">
    <P Name="Position">[620, 151, 645, 169]</P>
    <P Name="ZOrder">1332</P>
    <P Name="ShowName">off</P>
    <P Name="OutPortSampleTime">Ts</P>
    <Port>
      <P Name="PortNumber">1</P>
      <P Name="Name">takeoff_flag</P>
    </Port>
  </Block>
  <Block BlockType="RateTransition" Name="Rate Transition4" SID="582">
    <P Name="Position">[415, 51, 440, 69]</P>
    <P Name="ZOrder">1319</P>
    <P Name="ShowName">off</P>
    <P Name="OutPortSampleTime">Ts</P>
    <Port>
      <P Name="PortNumber">1</P>
      <P Name="Name">controlModePosVSOrient</P>
    </Port>
  </Block>
  <Block BlockType="Outport" Name="AC Cmd" SID="584">
    <P Name="Position">[740, 153, 770, 167]</P>
    <P Name="ZOrder">-2</P>
    <P Name="OutDataTypeStr">Bus: CommandBus</P>
    <P Name="VectorParamsAs1DForOutWhenUnconnected">off</P>
  </Block>
  <Line>
    <P Name="Name">roll_cmd</P>
    <P Name="ZOrder">32</P>
    <P Name="Labels">[0, 1; -1, 0]</P>
    <P Name="Src">572#out:4</P>
    <P Name="Dst">576#in:1</P>
  </Line>
  <Line>
    <P Name="Name">pitch_cmd</P>
    <P Name="ZOrder">30</P>
    <P Name="Labels">[0, 1]</P>
    <P Name="Src">572#out:5</P>
    <P Name="Points">[31, 0]</P>
    <Branch>
      <P Name="ZOrder">61</P>
      <P Name="Labels">[-1, 0]</P>
      <P Name="Dst">576#in:2</P>
    </Branch>
    <Branch>
      <P Name="ZOrder">37</P>
      <P Name="Points">[0, 55; -158, 0; 0, -209; 158, 0; 0, 14]</P>
      <P Name="Dst">569#in:1</P>
    </Branch>
  </Line>
  <Line>
    <P Name="Name">yaw_cmd</P>
    <P Name="ZOrder">28</P>
    <P Name="Labels">[0, 1]</P>
    <P Name="Src">572#out:6</P>
    <P Name="Points">[66, 0]</P>
    <Branch>
      <P Name="ZOrder">36</P>
      <P Name="Points">[0, 32; -208, 0; 0, -222]</P>
      <P Name="Dst">568#in:1</P>
    </Branch>
    <Branch>
      <P Name="ZOrder">29</P>
      <P Name="Labels">[-1, 1]</P>
      <P Name="Dst">576#in:3</P>
    </Branch>
  </Line>
  <Line>
    <P Name="ZOrder">9</P>
    <P Name="Src">573#out:1</P>
    <P Name="Dst">572#in:1</P>
  </Line>
  <Line>
    <P Name="ZOrder">11</P>
    <P Name="Src">575#out:1</P>
    <P Name="Dst">582#in:1</P>
  </Line>
  <Line>
    <P Name="Name">orient_ref</P>
    <P Name="ZOrder">86</P>
    <P Name="Labels">[0, 0]</P>
    <P Name="Src">579#out:1</P>
    <P Name="Dst">1081#in:4</P>
  </Line>
  <Line>
    <P Name="Name">pos_ref</P>
    <P Name="ZOrder">88</P>
    <P Name="Labels">[0, 0]</P>
    <P Name="Src">580#out:1</P>
    <P Name="Dst">1081#in:2</P>
  </Line>
  <Line>
    <P Name="ZOrder">33</P>
    <P Name="Src">572#out:3</P>
    <P Name="Dst">577#in:3</P>
  </Line>
  <Line>
    <P Name="ZOrder">15</P>
    <P Name="Src">576#out:1</P>
    <P Name="Dst">571#in:1</P>
  </Line>
  <Line>
    <P Name="ZOrder">16</P>
    <P Name="Src">570#out:1</P>
    <P Name="Dst">580#in:1</P>
  </Line>
  <Line>
    <P Name="ZOrder">35</P>
    <P Name="Src">572#out:1</P>
    <P Name="Dst">577#in:1</P>
  </Line>
  <Line>
    <P Name="ZOrder">18</P>
    <P Name="Src">569#out:1</P>
    <P Name="Dst">575#in:2</P>
  </Line>
  <Line>
    <P Name="ZOrder">19</P>
    <P Name="Src">568#out:1</P>
    <P Name="Dst">575#in:1</P>
  </Line>
  <Line>
    <P Name="ZOrder">105</P>
    <P Name="Src">577#out:1</P>
    <P Name="Points">[29, 0; 0, -10]</P>
    <P Name="Dst">570#in:1</P>
  </Line>
  <Line>
    <P Name="ZOrder">21</P>
    <P Name="Src">566#out:1</P>
    <P Name="Dst">567#in:1</P>
  </Line>
  <Line>
    <P Name="Name">controlModePosVSOrient</P>
    <P Name="ZOrder">89</P>
    <P Name="Labels">[0, 0]</P>
    <P Name="Src">582#out:1</P>
    <P Name="Dst">1081#in:1</P>
  </Line>
  <Line>
    <P Name="ZOrder">24</P>
    <P Name="Src">571#out:1</P>
    <P Name="Dst">579#in:1</P>
  </Line>
  <Line>
    <P Name="ZOrder">34</P>
    <P Name="Src">572#out:2</P>
    <P Name="Dst">577#in:2</P>
  </Line>
  <Line>
    <P Name="ZOrder">26</P>
    <P Name="Src">567#out:1</P>
    <P Name="Points">[5, 0]</P>
    <P Name="Dst">581#in:1</P>
  </Line>
  <Line>
    <P Name="Name">takeoff_flag</P>
    <P Name="ZOrder">87</P>
    <P Name="Labels">[0, 0]</P>
    <P Name="Src">581#out:1</P>
    <P Name="Dst">1081#in:3</P>
  </Line>
  <Line>
    <P Name="Name">live_time_ticks</P>
    <P Name="ZOrder">85</P>
    <P Name="Labels">[0, 0]</P>
    <P Name="Src">1082#out:1</P>
    <P Name="Dst">1081#in:5</P>
  </Line>
  <Line>
    <P Name="ZOrder">90</P>
    <P Name="Src">1081#out:1</P>
    <P Name="Dst">584#in:1</P>
  </Line>
</System>
