<?xml version="1.0" encoding="utf-8"?>
<ModelInformation Version="1.0">
  <Model>
    <P Name="ModelUUID">8321f625-5e8b-4e29-a118-4e4c8e02e1c9</P>
    <Object PropName="HDLParams" ObjectID="1" ClassName="slprops.hdlmdlprops">
      <Array PropName="mdlProps" Type="Cell" Dimension="1*2">
        <Cell Class="char">HDLSubsystem</Cell>
        <Cell Class="char">$bdroot</Cell>
      </Array>
    </Object>
    <P Name="EnableAccessToBaseWorkspace">on</P>
    <P Name="SLXCompressionType">Normal</P>
    <P Name="ScopeRefreshTime">0.035000</P>
    <P Name="OverrideScopeRefreshTime">on</P>
    <P Name="DisableAllScopes">off</P>
    <P Name="DataTypeOverride">UseLocalSettings</P>
    <P Name="DataTypeOverrideAppliesTo">AllNumericTypes</P>
    <P Name="MinMaxOverflowLogging">UseLocalSettings</P>
    <P Name="MinMaxOverflowArchiveMode">Overwrite</P>
    <P Name="FPTRunName">Run 1</P>
    <P Name="MaxMDLFileLineLength">120</P>
    <P Name="LastSavedArchitecture">win64</P>
    <P Name="HideAutomaticNames">on</P>
    <P Name="SequenceViewerTimePrecision">3</P>
    <P Name="SequenceViewerHistory">1000</P>
    <ConfigManagerSettings>
      <P Name="ModifiedByFormat">%&lt;Auto&gt;</P>
      <P Name="ModifiedDateFormat">%&lt;Auto&gt;</P>
      <P Name="RTWModifiedTimeStamp">542209479</P>
      <P Name="ModelVersionFormat">%&lt;AutoIncrement:3.6&gt;</P>
    </ConfigManagerSettings>
    <EditorSettings>
      <P Name="SampleTimeColors">off</P>
      <P Name="SampleTimeAnnotations">off</P>
      <P Name="LibraryLinkDisplay">user</P>
      <P Name="WideLines">off</P>
      <P Name="ShowLineDimensions">on</P>
      <P Name="ShowPortDataTypes">off</P>
      <P Name="ShowAllPropagatedSignalLabels">off</P>
      <P Name="PortDataTypeDisplayFormat">AliasTypeOnly</P>
      <P Name="ShowEditTimeErrors">off</P>
      <P Name="ShowEditTimeWarnings">off</P>
      <P Name="ShowEditTimeAdvisorChecks">off</P>
      <P Name="ShowPortUnits">off</P>
      <P Name="ShowDesignRanges">off</P>
      <P Name="ShowLoopsOnError">on</P>
      <P Name="IgnoreBidirectionalLines">off</P>
      <P Name="ShowStorageClass">off</P>
      <P Name="ShowTestPointIcons">on</P>
      <P Name="ShowSignalResolutionIcons">on</P>
      <P Name="ShowViewerIcons">on</P>
      <P Name="VariantCondition">off</P>
      <P Name="ShowLinearizationAnnotations">on</P>
      <P Name="ShowVisualizeInsertedRTB">on</P>
      <P Name="ShowMarkup">on</P>
      <P Name="BlockNameDataTip">off</P>
      <P Name="BlockParametersDataTip">off</P>
      <P Name="BlockDescriptionStringDataTip">off</P>
      <P Name="BlockVariantConditionDataTip">off</P>
      <P Name="ToolBar">on</P>
      <P Name="StatusBar">on</P>
      <P Name="BrowserShowLibraryLinks">off</P>
      <P Name="FunctionConnectors">off</P>
      <P Name="ScheduleConnectors">off</P>
      <P Name="BrowserLookUnderMasks">off</P>
      <P Name="MultithreadedSim">on</P>
    </EditorSettings>
    <SimulationSettings>
      <P Name="SimulationMode">normal</P>
      <P Name="SILPILModeSetting">automated</P>
      <P Name="SILPILSystemUnderTest">topmodel</P>
      <P Name="SILPILSimulationModeTopModel">normal</P>
      <P Name="SILPILSimulationModeModelRef">normal</P>
      <P Name="SimTabSimulationMode">normal</P>
      <P Name="CodeVerificationMode">software-in-the-loop (sil)</P>
      <P Name="PauseTimes">5</P>
      <P Name="NumberOfSteps">1</P>
      <P Name="SnapshotBufferSize">10</P>
      <P Name="SnapshotInterval">10</P>
      <P Name="NumberOfLastSnapshots">0</P>
      <P Name="EnablePacing">off</P>
      <P Name="PacingRate">1</P>
      <P Name="LinearizationMsg">none</P>
      <P Name="Profile">off</P>
      <P Name="ParamWorkspaceSource">MATLABWorkspace</P>
      <P Name="AccelSystemTargetFile">accel.tlc</P>
      <P Name="AccelTemplateMakefile">accel_default_tmf</P>
      <P Name="AccelMakeCommand">make_rtw</P>
      <P Name="TryForcingSFcnDF">off</P>
      <Object PropName="DataLoggingOverride" ObjectID="2" ClassName="Simulink.SimulationData.ModelLoggingInfo">
        <P Name="model_" Class="char">$bdroot</P>
        <P Name="overrideMode_" Class="uint32">0U</P>
        <Array PropName="logAsSpecifiedByModels_" Type="Cell" Dimension="1*1">
          <Cell Class="char">$bdroot</Cell>
        </Array>
        <Array PropName="logAsSpecifiedByModelsSSIDs_" Type="Cell" Dimension="1*1">
          <Cell Class="double">[]</Cell>
        </Array>
      </Object>
      <Object PropName="InstrumentedSignals" ObjectID="3" ClassName="Simulink.HMI.InstrumentedSignals">
        <Array PropName="Persistence" Type="Struct" Dimension="2*1">
          <MATStruct>
            <Field Name="UUID" Class="char">9ede06aa-f18c-494a-acd9-edca3a5d01aa</Field>
            <Field Name="BlockPath_" Class="char">Environment Model</Field>
            <Field Name="SID_" Class="char">84</Field>
            <Field Name="SubPath_" Class="char"/>
            <Field Name="OutputPortIndex_" Class="double">1.0</Field>
            <Field Name="LogicalPortIndex_" Class="double">0.0</Field>
            <Field Name="SignalName_" Class="char"/>
            <Field Name="SubSysPath_" Class="char"/>
            <Field Name="Decimation_" Class="double">1.0</Field>
            <Field Name="MaxPoints_" Class="double">0.0</Field>
            <Field Name="TargetBufferedStreaming_" Class="double">0.0</Field>
            <Field Name="IsFrameBased_" Class="double">0.0</Field>
            <Field Name="HideInSDI_" Class="double">0.0</Field>
            <Field Name="DomainType_" Class="char"/>
            <Array PropName="DomainParams_" Type="Struct" Dimension="1*1">
              <MATStruct/>
            </Array>
            <Field Name="VisualType_" Class="char"/>
          </MATStruct>
          <MATStruct>
            <Field Name="UUID" Class="char">bcafdc3b-13bd-421d-976e-50cd93993185</Field>
            <Field Name="BlockPath_" Class="char">Flight Control System</Field>
            <Field Name="SID_" Class="char">1</Field>
            <Field Name="SubPath_" Class="char"/>
            <Field Name="OutputPortIndex_" Class="double">1.0</Field>
            <Field Name="LogicalPortIndex_" Class="double">0.0</Field>
            <Field Name="SignalName_" Class="char"/>
            <Field Name="SubSysPath_" Class="char"/>
            <Field Name="Decimation_" Class="double">1.0</Field>
            <Field Name="MaxPoints_" Class="double">0.0</Field>
            <Field Name="TargetBufferedStreaming_" Class="double">0.0</Field>
            <Field Name="IsFrameBased_" Class="double">0.0</Field>
            <Field Name="HideInSDI_" Class="double">0.0</Field>
            <Field Name="DomainType_" Class="char"/>
            <Array PropName="DomainParams_" Type="Struct" Dimension="1*1">
              <MATStruct/>
            </Array>
            <Field Name="VisualType_" Class="char"/>
          </MATStruct>
        </Array>
      </Object>
      <Object PropName="StreamingClients" ObjectID="4" ClassName="Simulink.HMI.StreamingClients">
        <Array PropName="Persistence" Type="Struct" Dimension="6*1">
          <MATStruct>
            <Field Name="UUID" Class="char">8cd78197-0c01-4594-854a-cb5020ba0722</Field>
            <Array PropName="ModelPath_" Type="Cell" Dimension="0*1"/>
            <Array PropName="ModelPathSID_" Type="Cell" Dimension="0*1"/>
            <Field Name="SourceModel_" Class="char"/>
            <Field Name="SignalUUID_" Class="char">1a228fcd-564f-44ff-ae6c-0b88ea292557</Field>
            <Field Name="ObserverType_" Class="char">dashboardblocks_observer</Field>
            <Array PropName="ObserverParams_" Type="Struct" Dimension="1*1">
              <MATStruct/>
            </Array>
            <Field Name="UpdateRate_" Class="uint32">1U</Field>
            <Field Name="DimensionChannel_" Class="uint32">1U</Field>
            <Field Name="ObserveImaginaryPart_" Class="logical">0</Field>
            <Field Name="BusLeafPath_" Class="char"/>
          </MATStruct>
          <MATStruct>
            <Field Name="UUID" Class="char">aebbdd28-8825-404a-b04f-b290e7035443</Field>
            <Array PropName="ModelPath_" Type="Cell" Dimension="0*1"/>
            <Array PropName="ModelPathSID_" Type="Cell" Dimension="0*1"/>
            <Field Name="SourceModel_" Class="char"/>
            <Field Name="SignalUUID_" Class="char">0cd4f235-ef5b-40fe-b983-5fa8dfd9edd1</Field>
            <Field Name="ObserverType_" Class="char">aerohmiblocks_observer</Field>
            <Array PropName="ObserverParams_" Type="Struct" Dimension="1*1">
              <MATStruct/>
            </Array>
            <Field Name="UpdateRate_" Class="uint32">1U</Field>
            <Field Name="DimensionChannel_" Class="uint32">1U</Field>
            <Field Name="ObserveImaginaryPart_" Class="logical">0</Field>
            <Field Name="BusLeafPath_" Class="char"/>
          </MATStruct>
          <MATStruct>
            <Field Name="UUID" Class="char">1724f6ff-6381-4122-a56b-e7264177e6fe</Field>
            <Array PropName="ModelPath_" Type="Cell" Dimension="0*1"/>
            <Array PropName="ModelPathSID_" Type="Cell" Dimension="0*1"/>
            <Field Name="SourceModel_" Class="char"/>
            <Field Name="SignalUUID_" Class="char">64f1a7f7-c8dd-4365-99bc-b7eac9346bbd</Field>
            <Field Name="ObserverType_" Class="char">dashboardblocks_observer</Field>
            <Array PropName="ObserverParams_" Type="Struct" Dimension="1*1">
              <MATStruct/>
            </Array>
            <Field Name="UpdateRate_" Class="uint32">1U</Field>
            <Field Name="DimensionChannel_" Class="uint32">1U</Field>
            <Field Name="ObserveImaginaryPart_" Class="logical">0</Field>
            <Field Name="BusLeafPath_" Class="char"/>
          </MATStruct>
          <MATStruct>
            <Field Name="UUID" Class="char">675f71a8-9796-4b47-84c1-5daecca84d55</Field>
            <Array PropName="ModelPath_" Type="Cell" Dimension="0*1"/>
            <Array PropName="ModelPathSID_" Type="Cell" Dimension="0*1"/>
            <Field Name="SourceModel_" Class="char"/>
            <Field Name="SignalUUID_" Class="char">6e4daacf-8770-4999-b9d2-74b62b5c39a3</Field>
            <Field Name="ObserverType_" Class="char">dashboardblocks_observer</Field>
            <Array PropName="ObserverParams_" Type="Struct" Dimension="1*1">
              <MATStruct/>
            </Array>
            <Field Name="UpdateRate_" Class="uint32">1U</Field>
            <Field Name="DimensionChannel_" Class="uint32">1U</Field>
            <Field Name="ObserveImaginaryPart_" Class="logical">0</Field>
            <Field Name="BusLeafPath_" Class="char"/>
          </MATStruct>
          <MATStruct>
            <Field Name="UUID" Class="char">19550b0e-4390-4027-bbe9-88b8d77413f5</Field>
            <Array PropName="ModelPath_" Type="Cell" Dimension="0*1"/>
            <Array PropName="ModelPathSID_" Type="Cell" Dimension="0*1"/>
            <Field Name="SourceModel_" Class="char"/>
            <Field Name="SignalUUID_" Class="char">273bce34-c0eb-45ef-ae23-47019fb08bdb</Field>
            <Field Name="ObserverType_" Class="char">dashboardblocks_observer</Field>
            <Array PropName="ObserverParams_" Type="Struct" Dimension="1*1">
              <MATStruct/>
            </Array>
            <Field Name="UpdateRate_" Class="uint32">1U</Field>
            <Field Name="DimensionChannel_" Class="uint32">1U</Field>
            <Field Name="ObserveImaginaryPart_" Class="logical">0</Field>
            <Field Name="BusLeafPath_" Class="char"/>
          </MATStruct>
          <MATStruct>
            <Field Name="UUID" Class="char">70a1fa0e-7a23-4abc-a654-3739f277478c</Field>
            <Array PropName="ModelPath_" Type="Cell" Dimension="0*1"/>
            <Array PropName="ModelPathSID_" Type="Cell" Dimension="0*1"/>
            <Field Name="SourceModel_" Class="char"/>
            <Field Name="SignalUUID_" Class="char">8325ba56-a3c7-45db-95f1-b034097d55c8</Field>
            <Field Name="ObserverType_" Class="char">dashboardblocks_observer</Field>
            <Array PropName="ObserverParams_" Type="Struct" Dimension="1*1">
              <MATStruct/>
            </Array>
            <Field Name="UpdateRate_" Class="uint32">1U</Field>
            <Field Name="DimensionChannel_" Class="uint32">1U</Field>
            <Field Name="ObserveImaginaryPart_" Class="logical">0</Field>
            <Field Name="BusLeafPath_" Class="char"/>
          </MATStruct>
        </Array>
      </Object>
    </SimulationSettings>
    <ExternalMode>
      <P Name="ExtModeBatchMode">off</P>
      <P Name="ExtModeEnableFloating">on</P>
      <P Name="ExtModeTrigType">manual</P>
      <P Name="ExtModeTrigMode">normal</P>
      <P Name="ExtModeTrigPort">1</P>
      <P Name="ExtModeTrigElement">any</P>
      <P Name="ExtModeTrigSignalOutputPortIndex">0</P>
      <P Name="ExtModeTrigDuration">80</P>
      <P Name="ExtModeTrigDurationFloating">auto</P>
      <P Name="ExtModeTrigHoldOff">0</P>
      <P Name="ExtModeTrigDelay">0</P>
      <P Name="ExtModeTrigDirection">rising</P>
      <P Name="ExtModeTrigLevel">0</P>
      <P Name="ExtModeArchiveMode">off</P>
      <P Name="ExtModeAutoIncOneShot">off</P>
      <P Name="ExtModeIncDirWhenArm">off</P>
      <P Name="ExtModeAddSuffixToVar">off</P>
      <P Name="ExtModeWriteAllDataToWs">off</P>
      <P Name="ExtModeArmWhenConnect">on</P>
      <P Name="ExtModeSkipDownloadWhenConnect">off</P>
      <P Name="ExtModeLogAll">on</P>
      <P Name="ExtModeAutoUpdateStatusClock">on</P>
    </ExternalMode>
    <EngineSettings>
      <P Name="VariantFading">on</P>
    </EngineSettings>
    <ModelReferenceSettings>
      <P Name="ShowModelReferenceBlockVersion">off</P>
      <P Name="ShowModelReferenceBlockIO">off</P>
      <P Name="OrderedModelArguments">on</P>
    </ModelReferenceSettings>
    <ConcurrentExecutionSettings>
      <Object PropName="DataTransfer" ObjectID="5" ClassName="Simulink.GlobalDataTransfer">
        <P Name="DefaultTransitionBetweenSyncTasks" Class="char">Ensure deterministic transfer (maximum delay)</P>
        <P Name="DefaultTransitionBetweenAsyncTasks" Class="char">Ensure data integrity only</P>
        <P Name="DefaultTransitionBetweenContTasks" Class="char">Ensure deterministic transfer (minimum delay)</P>
        <P Name="DefaultExtrapolationMethodBetweenContTasks" Class="char">None</P>
      </Object>
      <P Name="ExplicitPartitioning">off</P>
    </ConcurrentExecutionSettings>
    <System Ref="system_root"/>
  </Model>
</ModelInformation>
