<?xml version="1.0" encoding="utf-8"?>
<GraphicalInterface>
  <P Name="NumRootInports">0</P>
  <P Name="NumRootOutports">0</P>
  <P Name="ParameterArgumentNames"/>
  <P Name="NumModelReferences">3</P>
  <ModelReference>
    <P Name="ModelRefBlockPath">$bdroot/Flight Control System|flightControlSystem</P>
  </ModelReference>
  <ModelReference>
    <P Name="ModelRefBlockPath">$bdroot/Multicopter Model/Linear Airframe|linearAirframe</P>
  </ModelReference>
  <ModelReference>
    <P Name="ModelRefBlockPath">$bdroot/Multicopter Model/Nonlinear Airframe|nonlinearAirframe</P>
  </ModelReference>
  <P Name="NumTestPointedSignals">2</P>
  <TestPointedSignal>
    <P Name="SignalName">Environment</P>
    <P Name="FullBlockPath">$bdroot/Environment Model</P>
    <P Name="LogSignal">1</P>
    <P Name="MaxPoints">5000</P>
    <P Name="Decimation">2</P>
  </TestPointedSignal>
  <TestPointedSignal>
    <P Name="SignalName">Actuators</P>
    <P Name="FullBlockPath">$bdroot/Flight Control System</P>
    <P Name="LogSignal">1</P>
    <P Name="MaxPoints">5000</P>
    <P Name="Decimation">2</P>
  </TestPointedSignal>
  <P Name="NumProvidedFunctions">0</P>
  <P Name="NumRequiredFunctions">0</P>
  <P Name="NumResetEvents">0</P>
  <P Name="HasInitializeEvent">0</P>
  <P Name="HasTerminateEvent">0</P>
  <P Name="PreCompExecutionDomainType">Unset</P>
  <P Name="IsExportFunctionModel">0</P>
  <P Name="SimulinkSubDomainType">Simulink</P>
  <P Name="NumParameterArguments">0</P>
  <P Name="NumExternalFileReferences">26</P>
  <ExternalFileReference>
    <P Name="Reference">simulink/Logic and Bit
Operations/Compare
To Constant</P>
    <P Name="Path">$bdroot/Command/Data/Compare To Constant</P>
    <P Name="SID">567</P>
    <P Name="Type">LIBRARY_BLOCK</P>
  </ExternalFileReference>
  <ExternalFileReference>
    <P Name="Reference">simulink/Logic and Bit
Operations/Compare
To Zero</P>
    <P Name="Path">$bdroot/Command/Data/Compare To Zero</P>
    <P Name="SID">568</P>
    <P Name="Type">LIBRARY_BLOCK</P>
  </ExternalFileReference>
  <ExternalFileReference>
    <P Name="Reference">simulink/Logic and Bit
Operations/Compare
To Zero</P>
    <P Name="Path">$bdroot/Command/Data/Compare To Zero1</P>
    <P Name="SID">569</P>
    <P Name="Type">LIBRARY_BLOCK</P>
  </ExternalFileReference>
  <ExternalFileReference>
    <P Name="Reference">simulink/Sources/Counter
Free-Running</P>
    <P Name="Path">$bdroot/Command/Data/Live Time  Ticks</P>
    <P Name="SID">1082</P>
    <P Name="Type">LIBRARY_BLOCK</P>
  </ExternalFileReference>
  <ExternalFileReference>
    <P Name="Reference">simulink/Logic and Bit
Operations/Compare
To Constant</P>
    <P Name="Path">$bdroot/Command/Joystick/Compare To Constant</P>
    <P Name="SID">588</P>
    <P Name="Type">LIBRARY_BLOCK</P>
  </ExternalFileReference>
  <ExternalFileReference>
    <P Name="Reference">simulink/Sources/Counter
Free-Running</P>
    <P Name="Path">$bdroot/Command/Joystick/Live Time  Ticks</P>
    <P Name="SID">1080</P>
    <P Name="Type">LIBRARY_BLOCK</P>
  </ExternalFileReference>
  <ExternalFileReference>
    <P Name="Reference">aerolibanimutils/Pilot Joystick</P>
    <P Name="Path">$bdroot/Command/Joystick/Pilot Joystick</P>
    <P Name="SID">597</P>
    <P Name="Type">LIBRARY_BLOCK</P>
  </ExternalFileReference>
  <ExternalFileReference>
    <P Name="Reference">simulink/Logic and Bit
Operations/Compare
To Constant</P>
    <P Name="Path">$bdroot/Command/Signal Builder/Compare To Constant</P>
    <P Name="SID">2329</P>
    <P Name="Type">LIBRARY_BLOCK</P>
  </ExternalFileReference>
  <ExternalFileReference>
    <P Name="Reference">simulink/Logic and Bit
Operations/Compare
To Zero</P>
    <P Name="Path">$bdroot/Command/Signal Builder/Compare To Zero</P>
    <P Name="SID">2330</P>
    <P Name="Type">LIBRARY_BLOCK</P>
  </ExternalFileReference>
  <ExternalFileReference>
    <P Name="Reference">simulink/Logic and Bit
Operations/Compare
To Zero</P>
    <P Name="Path">$bdroot/Command/Signal Builder/Compare To Zero1</P>
    <P Name="SID">2331</P>
    <P Name="Type">LIBRARY_BLOCK</P>
  </ExternalFileReference>
  <ExternalFileReference>
    <P Name="Reference">simulink/Sources/Counter
Free-Running</P>
    <P Name="Path">$bdroot/Command/Signal Builder/Live Time  Ticks</P>
    <P Name="SID">2336</P>
    <P Name="Type">LIBRARY_BLOCK</P>
  </ExternalFileReference>
  <ExternalFileReference>
    <P Name="Reference">simulink/Logic and Bit
Operations/Compare
To Constant</P>
    <P Name="Path">$bdroot/Command/Spreadsheet Data/Compare To Constant</P>
    <P Name="SID">629</P>
    <P Name="Type">LIBRARY_BLOCK</P>
  </ExternalFileReference>
  <ExternalFileReference>
    <P Name="Reference">simulink/Logic and Bit
Operations/Compare
To Zero</P>
    <P Name="Path">$bdroot/Command/Spreadsheet Data/Compare To Zero</P>
    <P Name="SID">630</P>
    <P Name="Type">LIBRARY_BLOCK</P>
  </ExternalFileReference>
  <ExternalFileReference>
    <P Name="Reference">simulink/Logic and Bit
Operations/Compare
To Zero</P>
    <P Name="Path">$bdroot/Command/Spreadsheet Data/Compare To Zero1</P>
    <P Name="SID">631</P>
    <P Name="Type">LIBRARY_BLOCK</P>
  </ExternalFileReference>
  <ExternalFileReference>
    <P Name="Reference">simulink/Sources/Counter
Free-Running</P>
    <P Name="Path">$bdroot/Command/Spreadsheet Data/Live Time  Ticks</P>
    <P Name="SID">1086</P>
    <P Name="Type">LIBRARY_BLOCK</P>
  </ExternalFileReference>
  <ExternalFileReference>
    <P Name="Reference">environmentLibrary/Environment (Constant)</P>
    <P Name="Path">$bdroot/Environment Model/Environment (Constant)</P>
    <P Name="SID">89</P>
    <P Name="Type">LIBRARY_BLOCK</P>
  </ExternalFileReference>
  <ExternalFileReference>
    <P Name="Reference">environmentLibrary/Environment (Variable)</P>
    <P Name="Path">$bdroot/Environment Model/Environment (Variable)</P>
    <P Name="SID">88</P>
    <P Name="Type">LIBRARY_BLOCK</P>
  </ExternalFileReference>
  <ExternalFileReference>
    <P Name="Reference">flightControlSystem.slx</P>
    <P Name="Path">$bdroot/Flight Control System</P>
    <P Name="SID">1</P>
    <P Name="Type">MODEL_BLOCK</P>
  </ExternalFileReference>
  <ExternalFileReference>
    <P Name="Reference">linearAirframe.slx</P>
    <P Name="Path">$bdroot/Multicopter Model/Linear Airframe</P>
    <P Name="SID">1133</P>
    <P Name="Type">MODEL_BLOCK</P>
  </ExternalFileReference>
  <ExternalFileReference>
    <P Name="Reference">nonlinearAirframe.slx</P>
    <P Name="Path">$bdroot/Multicopter Model/Nonlinear Airframe</P>
    <P Name="SID">1132</P>
    <P Name="Type">MODEL_BLOCK</P>
  </ExternalFileReference>
  <ExternalFileReference>
    <P Name="Reference">visionconversions/Color Space
 Conversion</P>
    <P Name="Path">$bdroot/Sensors Model/Sensors (Dynamics)/Sensor System/Camera/RGB to Y1UY2V1/Color Space  Conversion</P>
    <P Name="SID">2297</P>
    <P Name="Type">LIBRARY_BLOCK</P>
  </ExternalFileReference>
  <ExternalFileReference>
    <P Name="Reference">visiongeotforms/Rotate</P>
    <P Name="Path">$bdroot/Sensors Model/Sensors (Dynamics)/Sensor System/Camera/Rotate</P>
    <P Name="SID">2315</P>
    <P Name="Type">LIBRARY_BLOCK</P>
  </ExternalFileReference>
  <ExternalFileReference>
    <P Name="Reference">aerolibnav/Three-axis Inertial
Measurement Unit</P>
    <P Name="Path">$bdroot/Sensors Model/Sensors (Dynamics)/Sensor System/IMU_Pressure/Three-axis Inertial Measurement Unit</P>
    <P Name="SID">1758</P>
    <P Name="Type">LIBRARY_BLOCK</P>
  </ExternalFileReference>
  <ExternalFileReference>
    <P Name="Reference">visionconversions/Color Space
 Conversion</P>
    <P Name="Path">$bdroot/Sensors Model/Sensors (Feedthrough)/Sensor System/Camera/RGB to Y1UY2V1/Color Space  Conversion</P>
    <P Name="SID">2250</P>
    <P Name="Type">LIBRARY_BLOCK</P>
  </ExternalFileReference>
  <ExternalFileReference>
    <P Name="Reference">visiongeotforms/Rotate</P>
    <P Name="Path">$bdroot/Sensors Model/Sensors (Feedthrough)/Sensor System/Camera/Rotate</P>
    <P Name="SID">2268</P>
    <P Name="Type">LIBRARY_BLOCK</P>
  </ExternalFileReference>
  <ExternalFileReference>
    <P Name="Reference">simulink/Logic and Bit
Operations/Compare
To Zero</P>
    <P Name="Path">$bdroot/Stop Simulation/Compare To Zero</P>
    <P Name="SID">1143</P>
    <P Name="Type">LIBRARY_BLOCK</P>
  </ExternalFileReference>
  <P Name="OrderedModelArguments">1</P>
</GraphicalInterface>
