<?xml version="1.0" encoding="UTF-8"?>
<MF0 version="1.1" defaultPackage="slid" packageUris="http://schema.mathworks.com/mf0/slid/R2020b_20191110">
  <System type="System" uuid="2287cca0-0261-47a0-8cbc-2508c6a1a5e1">
    <Block type="Block" uuid="5b955f49-7c96-4f36-9a84-7d695d8353a8">
      <Sid>1</Sid>
    </Block>
    <Block type="Block" uuid="3aa17b41-613c-4f45-8cc6-587b15ebea7a">
      <Sid>1132</Sid>
    </Block>
    <Block type="Block" uuid="90c1d480-6f54-4df6-99c1-d7763f6850f9">
      <Sid>1133</Sid>
    </Block>
    <Interface type="Interface" uuid="b75f9874-417a-46fb-9bb4-a01dbbcb19cb"/>
  </System>
</MF0>