<?xml version="1.0" encoding="UTF-8"?>
<sltp_graph version="1.1" packageUris="http://schema.mathworks.com/mf0/sltp_mm/R2021a_202009111111">
  <sltp.mm.core.Context type="sltp.mm.core.Context" uuid="c40c9099-0214-49c0-abd0-c99ffa0a0a38">
    <priorityDirection>HighNumberLast</priorityDirection>
    <editorState type="sltp.mm.core.EditorState" uuid="d6be08d8-2372-40f5-bede-91be529a587d">
      <isSynchronized>true</isSynchronized>
      <panelState type="sltp.mm.core.EditorPanelState" uuid="65d53f5d-0202-491b-b807-ce73c0e915dc"/>
    </editorState>
    <rootTask type="sltp.mm.core.Task" uuid="18746207-7777-45ab-a28d-93717843ce3d">
      <context type="sltp.mm.core.Context" uuid="c40c9099-0214-49c0-abd0-c99ffa0a0a38"/>
      <explicit>false</explicit>
      <name>Default</name>
      <priority>-2147483648</priority>
      <subgraph type="sltp.mm.core.Graph" uuid="e2a3ae7a-3dcf-4911-a27d-271d51248f2c">
        <connections type="sltp.mm.core.Connection" uuid="4986c656-d129-41b7-a44f-ba8f81020f91">
          <dst type="sltp.mm.core.Task" uuid="7317143f-2330-4736-97e3-f464237162ec"/>
          <src type="sltp.mm.core.Task" uuid="10685a75-c40b-4806-a6cd-b9915acb2ae5"/>
        </connections>
        <tasks type="sltp.mm.core.Task" uuid="7317143f-2330-4736-97e3-f464237162ec">
          <baseTask>true</baseTask>
          <context type="sltp.mm.core.Context" uuid="c40c9099-0214-49c0-abd0-c99ffa0a0a38"/>
          <explicit>false</explicit>
          <id>1</id>
          <inConnections type="sltp.mm.core.Connection" uuid="4986c656-d129-41b7-a44f-ba8f81020f91"/>
          <isTimed>true</isTimed>
          <name>Cont</name>
          <priority>40</priority>
          <rates type="sltp.mm.core.Rate" uuid="4e3ee2b1-c152-44ac-8dc1-d86a71d4fa63">
            <annotation>Cont</annotation>
            <color>255</color>
            <hasBlocks>true</hasBlocks>
            <rateSpec type="sltp.mm.core.RateSpec">
              <period>0.0</period>
            </rateSpec>
            <sti>0</sti>
          </rates>
          <rates type="sltp.mm.core.Rate" uuid="e6f48b8b-083e-420d-8a6d-0b582ecfdc11">
            <annotation>D1</annotation>
            <color>-436207361</color>
            <hasBlocks>true</hasBlocks>
            <rateSpec type="sltp.mm.core.RateSpec">
              <period>.005</period>
            </rateSpec>
            <sti>1</sti>
          </rates>
        </tasks>
        <tasks type="sltp.mm.core.Task" uuid="10685a75-c40b-4806-a6cd-b9915acb2ae5">
          <context type="sltp.mm.core.Context" uuid="c40c9099-0214-49c0-abd0-c99ffa0a0a38"/>
          <explicit>false</explicit>
          <id>2</id>
          <isTimed>true</isTimed>
          <name>D2</name>
          <outConnections type="sltp.mm.core.Connection" uuid="4986c656-d129-41b7-a44f-ba8f81020f91"/>
          <priority>41</priority>
          <rates type="sltp.mm.core.Rate" uuid="f308e72d-8356-42ce-bd1a-2aa4d685b21a">
            <annotation>D2</annotation>
            <color>13697279</color>
            <hasBlocks>true</hasBlocks>
            <rateSpec type="sltp.mm.core.RateSpec">
              <period>.2</period>
            </rateSpec>
            <sti>2</sti>
          </rates>
        </tasks>
      </subgraph>
    </rootTask>
  </sltp.mm.core.Context>
</sltp_graph>