<?xml version="1.0" encoding="UTF-8"?>
<sltp_editor version="1.1" packageUris="http://schema.mathworks.com/mf0/DiagramEditor/R2019a_20181107 http://schema.mathworks.com/mf0/SltpSyntax/R2020b_202007092240">
  <diagram.editor.model.Diagram type="diagram.editor.model.Diagram" uuid="aa358aa9-51bd-4953-9299-cc627924a8b2">
    <connections type="diagram.editor.model.Connection" uuid="bd048d59-0f8f-4640-89f8-de3be353dcb6">
      <dstElement type="diagram.editor.model.Entity" uuid="093db242-538c-4a0f-9d25-348b6388eae1"/>
      <srcElement type="diagram.editor.model.Entity" uuid="a25caafa-4cfd-41ff-893c-13b8674f3a88"/>
      <position>0,0</position>
      <size>0,0,0,0</size>
      <syntaxElement type="sltp.mm.syntax.Edge" uuid="23fd3df4-81b5-4a5f-b7f5-cc29e12ef868"/>
      <type>graph.Edge</type>
    </connections>
    <entities type="diagram.editor.model.Entity" uuid="093db242-538c-4a0f-9d25-348b6388eae1">
      <inConnections type="diagram.editor.model.Connection" uuid="bd048d59-0f8f-4640-89f8-de3be353dcb6"/>
      <position>0,0</position>
      <size>0,0,0,0</size>
      <syntaxElement type="sltp.mm.syntax.Node" uuid="95dfb1c4-8d86-4c6f-bd00-7ab480320336"/>
      <title>Cont</title>
      <type>base</type>
      <subDiagram type="diagram.editor.model.Diagram" uuid="98073d43-e4ac-4aa6-9732-f27bc167df5f">
        <position>0,0</position>
        <syntaxElement type="sltp.mm.syntax.Graph" uuid="3828e271-8bfd-4095-b691-f880d336a588"/>
        <title>Cont</title>
        <type>graph.Graph</type>
      </subDiagram>
    </entities>
    <entities type="diagram.editor.model.Entity" uuid="a25caafa-4cfd-41ff-893c-13b8674f3a88">
      <outConnections type="diagram.editor.model.Connection" uuid="bd048d59-0f8f-4640-89f8-de3be353dcb6"/>
      <position>0,0</position>
      <size>0,0,0,0</size>
      <syntaxElement type="sltp.mm.syntax.Node" uuid="37d50832-f51c-4e12-a93a-a8d041f26f5a"/>
      <title>D2</title>
      <type>implicit-periodic</type>
      <subDiagram type="diagram.editor.model.Diagram" uuid="31a412b8-04d1-49ab-a5f5-5c8e88ea803d">
        <position>0,0</position>
        <syntaxElement type="sltp.mm.syntax.Graph" uuid="1132d407-0d51-40fd-b299-7e16992b1b70"/>
        <title>D2</title>
        <type>graph.Graph</type>
      </subDiagram>
    </entities>
    <syntaxElement type="sltp.mm.syntax.Graph" uuid="e5170ac6-c5b1-4749-b606-ae7773a51d4b"/>
    <title>Default</title>
    <type>graph.Graph</type>
  </diagram.editor.model.Diagram>
  <sltp.mm.syntax.Context type="sltp.mm.syntax.Context" uuid="bf97b851-30c6-48ea-a94c-c545f91717aa">
    <rootGraph type="sltp.mm.syntax.Graph" uuid="e5170ac6-c5b1-4749-b606-ae7773a51d4b">
      <children type="sltp.mm.syntax.Node" uuid="95dfb1c4-8d86-4c6f-bd00-7ab480320336">
        <inEdges type="sltp.mm.syntax.Edge" uuid="23fd3df4-81b5-4a5f-b7f5-cc29e12ef868"/>
        <priority>40</priority>
        <rates type="sltp.mm.syntax.RateData">
          <color>#000000</color>
          <hasBlocks>true</hasBlocks>
          <rate>0</rate>
          <title>Cont</title>
        </rates>
        <rates type="sltp.mm.syntax.RateData">
          <color>#e60000</color>
          <hasBlocks>true</hasBlocks>
          <rate>0.005</rate>
          <title>D1</title>
        </rates>
        <title>Cont</title>
        <type>base</type>
        <diagramElement type="diagram.editor.model.Entity" uuid="093db242-538c-4a0f-9d25-348b6388eae1"/>
        <subgraph type="sltp.mm.syntax.Graph" uuid="3828e271-8bfd-4095-b691-f880d336a588">
          <title>Cont</title>
          <diagramElement type="diagram.editor.model.Diagram" uuid="98073d43-e4ac-4aa6-9732-f27bc167df5f"/>
        </subgraph>
      </children>
      <children type="sltp.mm.syntax.Node" uuid="37d50832-f51c-4e12-a93a-a8d041f26f5a">
        <orderIndex>1</orderIndex>
        <outEdges type="sltp.mm.syntax.Edge" uuid="23fd3df4-81b5-4a5f-b7f5-cc29e12ef868"/>
        <priority>41</priority>
        <rates type="sltp.mm.syntax.RateData">
          <color>#00d100</color>
          <hasBlocks>true</hasBlocks>
          <rate>0.2</rate>
          <title>D2</title>
        </rates>
        <title>D2</title>
        <type>implicit-periodic</type>
        <diagramElement type="diagram.editor.model.Entity" uuid="a25caafa-4cfd-41ff-893c-13b8674f3a88"/>
        <subgraph type="sltp.mm.syntax.Graph" uuid="1132d407-0d51-40fd-b299-7e16992b1b70">
          <title>D2</title>
          <diagramElement type="diagram.editor.model.Diagram" uuid="31a412b8-04d1-49ab-a5f5-5c8e88ea803d"/>
        </subgraph>
      </children>
      <edges type="sltp.mm.syntax.Edge" uuid="23fd3df4-81b5-4a5f-b7f5-cc29e12ef868">
        <dst type="sltp.mm.syntax.Node" uuid="95dfb1c4-8d86-4c6f-bd00-7ab480320336"/>
        <src type="sltp.mm.syntax.Node" uuid="37d50832-f51c-4e12-a93a-a8d041f26f5a"/>
        <type>Delay</type>
        <diagramElement type="diagram.editor.model.Connection" uuid="bd048d59-0f8f-4640-89f8-de3be353dcb6"/>
      </edges>
      <title>Default</title>
      <diagramElement type="diagram.editor.model.Diagram" uuid="aa358aa9-51bd-4953-9299-cc627924a8b2"/>
    </rootGraph>
  </sltp.mm.syntax.Context>
</sltp_editor>